Rank,Sequence,Length,Score,Raw_Grade,Final_Grade,Viability,Collagen,DSP,MMP,AI,WH,AOX,CPP,Stab,Skin
1,RPYGSHREKRGHKG,14,0.6412,A,C,DEMOTED,0.435,0.458,0.774,0.976,0.659,0.943,0.470,1.0,0.35
2,KGHKRRRPYGSHRE,14,0.6402,A,C,DEMOTED,0.435,0.470,0.774,0.974,0.677,0.836,0.518,1.0,0.35
3,KGHKHREAKRKKLI,14,0.6383,A,C,DEMOTED,0.429,0.490,0.814,0.981,0.634,0.804,0.531,1.0,0.25
4,EAKRKKLIKGHKHR,14,0.6379,A,C,DEMOTED,0.429,0.490,0.774,0.978,0.634,0.861,0.535,1.0,0.25
5,EGTRKREYKRGHKG,14,0.6361,A,C,DEMOTED,0.436,0.493,0.674,0.989,0.621,0.919,0.528,1.0,0.35
6,GHKRGYRPYGSHRE,14,0.6352,A,C,DEMOTED,0.437,0.399,0.774,0.984,0.668,0.927,0.469,1.0,0.45
7,RPYGSHREKGHKRR,14,0.6349,A,C,DEMOTED,0.435,0.470,0.774,0.958,0.647,0.846,0.504,1.0,0.35
8,KTQYSRKEKGHKHR,14,0.6346,A,C,DEMOTED,0.431,0.470,0.774,0.975,0.661,0.837,0.476,1.0,0.35
9,QRPYGSHRKGHKHR,14,0.6344,A,C,DEMOTED,0.437,0.470,0.774,0.898,0.655,0.951,0.466,1.0,0.35
10,AKRKKLISKGHKHR,14,0.6342,A,C,DEMOTED,0.431,0.490,0.703,0.954,0.650,0.932,0.534,1.0,0.25
11,EGTRKREYKGHKHR,14,0.6335,A,C,DEMOTED,0.433,0.493,0.840,0.986,0.654,0.629,0.506,1.0,0.35
12,EGTRKREYKGHKGR,14,0.6325,A,C,DEMOTED,0.434,0.493,0.674,0.979,0.666,0.850,0.515,1.0,0.35
13,KGHKRRRLSRENRD,14,0.6323,A,C,DEMOTED,0.429,0.470,0.714,0.972,0.709,0.794,0.534,1.0,0.35
14,KRGHKGEGTRKREY,14,0.6321,A,C,DEMOTED,0.434,0.493,0.754,0.966,0.621,0.788,0.530,1.0,0.35
15,KGHKGRRPYGSHRE,14,0.6320,A,C,DEMOTED,0.437,0.458,0.774,0.937,0.659,0.879,0.474,1.0,0.35
16,RPYGSHREKGHKHR,14,0.6317,A,C,DEMOTED,0.432,0.458,0.800,0.956,0.647,0.862,0.447,1.0,0.35
17,KGHKHRRPYGSHRE,14,0.6316,A,C,DEMOTED,0.435,0.458,0.800,0.926,0.647,0.880,0.465,1.0,0.35
18,EAKRKKLIKGHKDR,14,0.6307,A,C,DEMOTED,0.429,0.490,0.774,0.983,0.640,0.705,0.535,1.0,0.35
19,GHKGHK,6,0.6301,A,C,DEMOTED,0.428,0.338,0.800,0.962,0.657,0.999,0.427,1.0,0.60
20,TKKKVSYVKGHKHR,14,0.6301,A,C,DEMOTED,0.437,0.490,0.703,0.962,0.659,0.889,0.487,1.0,0.25
21,RPYGSHREKGHKGR,14,0.6300,A,C,DEMOTED,0.435,0.458,0.774,0.943,0.659,0.865,0.457,1.0,0.35
22,WKTQYSRKKGHKHR,14,0.6299,A,C,DEMOTED,0.432,0.470,0.703,0.950,0.647,0.949,0.515,1.0,0.25
23,KGHKHRQRPYGSHR,14,0.6297,A,C,DEMOTED,0.436,0.470,0.774,0.928,0.685,0.832,0.447,1.0,0.35
24,KGHKRRDDAAKTIQ,14,0.6296,A,C,DEMOTED,0.433,0.419,0.840,0.978,0.625,0.745,0.509,1.0,0.45
25,GHKEKKDKLLKGKK,14,0.6292,A,C,DEMOTED,0.430,0.438,0.774,0.977,0.657,0.852,0.473,1.0,0.35
26,KGHKHREGTRKREY,14,0.6291,A,C,DEMOTED,0.432,0.493,0.840,0.980,0.654,0.590,0.502,1.0,0.35
27,KKKVSYVQKGHKHR,14,0.6290,A,C,DEMOTED,0.435,0.490,0.703,0.942,0.658,0.913,0.483,1.0,0.25
28,KGHKRRVQEAYKKG,14,0.6288,A,C,DEMOTED,0.437,0.490,0.603,0.992,0.625,0.928,0.529,1.0,0.35
29,EGTRKREYKGHKRR,14,0.6287,A,C,DEMOTED,0.435,0.505,0.674,0.989,0.655,0.727,0.561,1.0,0.35
30,KGHKHR,6,0.6280,A,C,DEMOTED,0.430,0.390,0.800,0.865,0.630,0.998,0.457,1.0,0.60
31,KGHKHRVQEAYKKG,14,0.6279,A,C,DEMOTED,0.433,0.478,0.814,0.989,0.625,0.701,0.473,1.0,0.35
32,QRPYGSHRGHKRGY,14,0.6272,A,C,DEMOTED,0.436,0.458,0.643,0.989,0.631,0.984,0.465,1.0,0.35
33,KGHKHRDKLLKGKK,14,0.6269,A,C,DEMOTED,0.432,0.490,0.814,0.947,0.663,0.722,0.479,1.0,0.25
34,GHKRGYEGTRKREY,14,0.6261,A,C,DEMOTED,0.436,0.434,0.674,0.958,0.630,0.918,0.521,1.0,0.45
35,GHK,3,0.6259,A,C,DEMOTED,0.431,0.366,0.720,0.947,0.612,1.000,0.374,1.0,0.85
36,EGTRKREYKGHKDR,14,0.6254,A,C,DEMOTED,0.431,0.434,0.840,0.984,0.660,0.615,0.505,1.0,0.45
37,RPYGSHREGHKEKK,14,0.6254,A,C,DEMOTED,0.428,0.399,0.800,0.959,0.670,0.849,0.442,1.0,0.45
38,KGHKHRDQKIVHKG,14,0.6245,A,C,DEMOTED,0.430,0.478,0.840,0.976,0.627,0.664,0.451,1.0,0.35
39,GHKEKK,6,0.6234,A,C,DEMOTED,0.427,0.338,0.800,0.915,0.645,0.996,0.435,1.0,0.60
40,KGHKGRVQEAYKKG,14,0.6234,A,C,DEMOTED,0.437,0.478,0.603,0.985,0.637,0.930,0.482,1.0,0.35
41,KGHKRREAKRKKLI,14,0.6231,A,C,DEMOTED,0.428,0.490,0.603,0.985,0.613,0.899,0.586,1.0,0.25
42,KGHKRRDQKIVHKG,14,0.6227,A,C,DEMOTED,0.433,0.490,0.674,0.990,0.628,0.779,0.506,1.0,0.35
43,KGHKRRRGSEKYCY,14,0.6223,A,C,DEMOTED,0.431,0.470,0.603,0.986,0.685,0.838,0.533,1.0,0.35
44,KGHKRREGTRKREY,14,0.6215,A,C,DEMOTED,0.433,0.505,0.674,0.985,0.655,0.651,0.557,1.0,0.35
45,KGHKIH,6,0.6215,A,C,DEMOTED,0.429,0.383,0.800,0.841,0.623,0.975,0.463,1.0,0.60
46,EGTRKREYGHKRGY,14,0.6203,A,C,DEMOTED,0.433,0.434,0.754,0.987,0.630,0.696,0.519,1.0,0.45
47,KYKRGD,6,0.6201,A,C,DEMOTED,0.433,0.632,0.307,0.949,0.529,0.993,0.549,1.0,0.60
48,VTKKKVSYKGHKHR,14,0.6199,A,C,DEMOTED,0.429,0.435,0.703,0.919,0.659,0.969,0.487,1.0,0.25
49,KGHKDRLRKKVTAM,14,0.6194,A,C,DEMOTED,0.428,0.525,0.703,0.976,0.647,0.614,0.518,1.0,0.35
50,QRPYGSHRKRGHKG,14,0.6194,A,C,DEMOTED,0.436,0.470,0.563,0.974,0.652,0.954,0.485,1.0,0.35
51,GHKRGY,6,0.6193,A,C,DEMOTED,0.436,0.383,0.587,0.972,0.634,0.999,0.503,1.0,0.60
52,KGHKDR,6,0.6193,A,C,DEMOTED,0.433,0.390,0.800,0.777,0.645,0.995,0.458,1.0,0.60
53,GHKEKKQRPYGSHR,14,0.6191,A,C,DEMOTED,0.438,0.458,0.774,0.919,0.679,0.749,0.440,1.0,0.35
54,VTKKKVSYKGHKDR,14,0.6187,A,C,DEMOTED,0.422,0.435,0.703,0.974,0.666,0.835,0.487,1.0,0.35
55,KGHKHRVEAKRKKL,14,0.6186,A,C,DEMOTED,0.428,0.435,0.774,0.989,0.633,0.727,0.540,1.0,0.25
56,WKTQYSRKKGHKDR,14,0.6185,A,C,DEMOTED,0.429,0.470,0.703,0.975,0.654,0.720,0.513,1.0,0.35
57,QRPYGSHRKGHKDR,14,0.6177,A,C,DEMOTED,0.435,0.458,0.774,0.884,0.662,0.792,0.464,1.0,0.35
58,KGHKRRRLRIDYER,14,0.6177,A,C,DEMOTED,0.433,0.470,0.774,0.991,0.695,0.456,0.575,1.0,0.35
59,KGHKHRGSHPRINT,14,0.6175,A,C,DEMOTED,0.435,0.493,0.774,0.923,0.655,0.676,0.447,1.0,0.35
60,KGHKRRNGGSHPRI,14,0.6175,A,C,DEMOTED,0.434,0.505,0.563,0.988,0.664,0.812,0.495,1.0,0.35
61,KGHKHRNGGSHPRI,14,0.6173,A,C,DEMOTED,0.432,0.493,0.774,0.964,0.664,0.617,0.441,1.0,0.35
62,KGHKHRRGSEKYCY,14,0.6172,A,C,DEMOTED,0.430,0.458,0.814,0.955,0.654,0.626,0.477,1.0,0.35
63,KGHKGR,6,0.6172,A,C,DEMOTED,0.428,0.390,0.587,0.954,0.658,1.000,0.478,1.0,0.60
64,KGHKRRDKLLKGKK,14,0.6171,A,C,DEMOTED,0.430,0.490,0.603,0.987,0.642,0.832,0.535,1.0,0.25
65,GHKRGYRGSEKYCY,14,0.6169,A,C,DEMOTED,0.433,0.399,0.603,0.988,0.675,0.933,0.484,1.0,0.45
66,KRGHKGRPYGSHRE,14,0.6168,A,C,DEMOTED,0.435,0.458,0.774,0.881,0.614,0.836,0.472,1.0,0.35
67,KGHKHRLRKKVTAM,14,0.6168,A,C,DEMOTED,0.427,0.525,0.703,0.925,0.641,0.718,0.518,1.0,0.25
68,KGHKRRARQCEKEN,14,0.6167,A,C,DEMOTED,0.428,0.458,0.814,0.963,0.693,0.541,0.502,1.0,0.35
69,GHKGKH,6,0.6165,A,C,DEMOTED,0.428,0.338,0.720,0.940,0.642,0.999,0.427,1.0,0.60
70,GHKGKHK,7,0.6164,A,C,DEMOTED,0.426,0.338,0.706,0.955,0.635,0.999,0.439,1.0,0.60
71,KGHKRREKAIKEKE,14,0.6164,A,C,DEMOTED,0.427,0.478,0.840,0.981,0.620,0.507,0.515,1.0,0.35
72,GVKGHKH,7,0.6162,A,C,DEMOTED,0.429,0.371,0.800,0.803,0.642,0.993,0.438,1.0,0.60
73,KGHKRRQKIVHKGD,14,0.6162,A,C,DEMOTED,0.429,0.490,0.714,0.966,0.628,0.683,0.509,1.0,0.35
74,AETRVKQRKRGHKG,14,0.6158,A,C,DEMOTED,0.432,0.470,0.563,0.982,0.649,0.879,0.518,1.0,0.35
75,AKRKKLISKGHKDR,14,0.6157,A,C,DEMOTED,0.429,0.490,0.703,0.982,0.657,0.659,0.533,1.0,0.25
76,KGHKGRDKLLKGKK,14,0.6157,A,C,DEMOTED,0.431,0.490,0.603,0.975,0.675,0.834,0.490,1.0,0.25
77,GHKEKKRPYGSHRE,14,0.6156,A,C,DEMOTED,0.436,0.399,0.800,0.961,0.670,0.685,0.460,1.0,0.45
78,RPYGSHREGHKRGY,14,0.6155,A,C,DEMOTED,0.433,0.399,0.774,0.833,0.623,0.972,0.469,1.0,0.45
79,KGHKRRPHRNEKLT,14,0.6153,A,C,DEMOTED,0.433,0.435,0.714,0.968,0.675,0.727,0.503,1.0,0.35
80,KGHKRRSHRGIHNS,14,0.6153,A,C,DEMOTED,0.433,0.470,0.634,0.959,0.697,0.773,0.483,1.0,0.35
81,GHKRGYRNYRDNYQ,14,0.6153,A,C,DEMOTED,0.435,0.399,0.563,0.986,0.681,0.958,0.491,1.0,0.45
82,KGHKDRDKLLKGKK,14,0.6150,A,C,DEMOTED,0.429,0.490,0.814,0.954,0.669,0.510,0.480,1.0,0.35
83,WKTQYSRKGHKRGY,14,0.6150,A,C,DEMOTED,0.435,0.470,0.491,0.967,0.668,0.953,0.534,1.0,0.35
84,EAKRKKLIKGHKRR,14,0.6149,A,C,DEMOTED,0.428,0.490,0.563,0.962,0.613,0.888,0.589,1.0,0.25
85,KGHKRR,6,0.6147,A,C,DEMOTED,0.434,0.390,0.587,0.962,0.581,1.000,0.563,1.0,0.50
86,WKTQYSRKKGHKRR,14,0.6144,A,C,DEMOTED,0.434,0.470,0.491,0.977,0.648,0.972,0.571,1.0,0.25
87,RPRKEKDQKIVHKG,14,0.6143,A,C,DEMOTED,0.433,0.513,0.594,0.988,0.569,0.833,0.490,1.0,0.35
88,GHKSH,5,0.6142,A,C,DEMOTED,0.433,0.342,0.800,0.865,0.616,0.997,0.380,1.0,0.65
89,GHKRGYQRPYGSHR,14,0.6142,A,C,DEMOTED,0.440,0.458,0.563,0.965,0.631,0.965,0.467,1.0,0.35
90,GHKEKKEGTRKREY,14,0.6141,A,C,DEMOTED,0.431,0.434,0.840,0.978,0.677,0.473,0.494,1.0,0.45
91,KGHKI,5,0.6140,A,C,DEMOTED,0.430,0.383,0.620,0.919,0.629,0.985,0.478,1.0,0.65
92,YKRGDH,6,0.6140,A,C,DEMOTED,0.436,0.521,0.520,0.949,0.435,0.996,0.511,1.0,0.60
93,KGHKRRMQKKQHLE,14,0.6138,A,C,DEMOTED,0.426,0.435,0.774,0.884,0.610,0.839,0.508,1.0,0.35
94,KGHKHRKDVALARG,14,0.6136,A,C,DEMOTED,0.435,0.528,0.774,0.972,0.625,0.458,0.499,1.0,0.35
95,WKTQYSRKKRGHKG,14,0.6136,A,C,DEMOTED,0.433,0.470,0.491,0.986,0.660,0.969,0.536,1.0,0.25
96,KGHKDREAKRKKLI,14,0.6135,A,C,DEMOTED,0.428,0.490,0.814,0.991,0.640,0.425,0.531,1.0,0.35
97,KGHKIK,6,0.6134,A,C,DEMOTED,0.428,0.383,0.587,0.931,0.655,0.991,0.493,1.0,0.60
98,GHKHV,5,0.6133,A,C,DEMOTED,0.435,0.299,0.800,0.914,0.579,0.999,0.428,1.0,0.65
99,QRPYGSHRKGHKRR,14,0.6130,A,C,DEMOTED,0.437,0.470,0.563,0.949,0.656,0.918,0.521,1.0,0.25
100,KGHKHRRMIRAESG,14,0.6129,A,C,DEMOTED,0.430,0.513,0.774,0.949,0.668,0.478,0.501,1.0,0.35
